fixation_id,aoi_id,start_ms,end_ms,duration_ms,mean_x,mean_y,sample_count
1,R2C2,0.0,858.0,858.0,640.0573362283033,368.0312342905318,27
2,R2C3,891.0,1551.0,660.0,998.0818808963515,356.28562740041826,21
3,R3C1,1584.0,2343.0,759.0,249.49972994116843,600.5849513667953,24
4,R2C2,2376.0,2937.0,561.0,645.2030918834292,362.7130441989955,18
